{
  "save": {
    "relational": 1287.0833219999997,
    "json": 0
  },
  "get": {
    "relational": 59.11580300000014,
    "json": 0
  },
  "counts": {
    "relational": {
      "directories": 23,
      "files": 97,
      "classes": 298,
      "functions": 967
    },
    "json": {}
  },
  "queryBenchmark": {
    "join": {
      "avg": 30.616410399999996,
      "min": 28.150044999999864,
      "max": 34.557308999999805,
      "count": 10
    },
    "nested": {
      "avg": 16.835788700000013,
      "min": 15.637574999999742,
      "max": 19.282431000000088,
      "count": 10
    }
  }
}