{
  "settings": {
    "iterations": 30,
    "warmupIterations": 5,
    "cooldownMs": 150,
    "gcEnabled": false,
    "timestamp": "2026-03-20T08:48:50.003Z"
  },
  "save": {
    "relational": 1395.2106139999999
  },
  "get": {
    "relational": 67.3778610000004
  },
  "counts": {
    "relational": {
      "directories": 23,
      "files": 97,
      "classes": 298,
      "functions": 967
    }
  },
  "queryBenchmark": {
    "join": {
      "client": {
        "avg": 40.495318800000135,
        "median": 40.75883850000082,
        "std": 3.3143301066369077,
        "min": 32.19515300000057,
        "max": 47.175960999999916,
        "p95": 46.09060099999988,
        "count": 30
      },
      "server": {
        "avg": 32.13532333333334,
        "median": 33.070499999999996,
        "std": 3.0883540403353296,
        "min": 25.2905,
        "max": 38.6846,
        "p95": 37.0866,
        "count": 30
      }
    },
    "nested": {
      "client": {
        "avg": 37.26616176666685,
        "median": 37.530784500000664,
        "std": 3.2199468702555323,
        "min": 29.738537999999608,
        "max": 47.8417100000006,
        "p95": 40.777705000000424,
        "count": 30
      },
      "server": {
        "avg": 25.79834333333333,
        "median": 26.103499999999997,
        "std": 1.881071853613135,
        "min": 19.8413,
        "max": 30.6312,
        "p95": 27.9117,
        "count": 30
      }
    }
  }
}