{
  "save": {
    "relational": 1283.401378
  },
  "get": {
    "relational": 63.19393500000001
  },
  "counts": {
    "relational": {
      "directories": 23,
      "files": 97,
      "classes": 298,
      "functions": 967
    }
  },
  "queryBenchmark": {
    "join": {
      "avg": 29.89598300000007,
      "min": 27.642781999999897,
      "max": 38.57500000000027,
      "count": 10
    },
    "nested": {
      "avg": 18.2409142,
      "min": 16.560997999999927,
      "max": 24.62982800000009,
      "count": 10
    }
  }
}