{
  "settings": {
    "iterations": 30,
    "warmupIterations": 5,
    "cooldownMs": 150,
    "gcEnabled": false,
    "timestamp": "2026-03-20T08:43:18.584Z"
  },
  "save": {
    "relational": 1284.709889
  },
  "get": {
    "relational": 63.053539
  },
  "counts": {
    "relational": {
      "directories": 23,
      "files": 97,
      "classes": 298,
      "functions": 967
    }
  },
  "queryBenchmark": {
    "join": {
      "client": {
        "avg": 40.69985936666688,
        "median": 41.655619000000115,
        "std": 3.133366612349323,
        "min": 34.23305200000141,
        "max": 47.05690800000002,
        "p95": 46.464174000000185,
        "count": 30
      },
      "server": {
        "avg": 0,
        "median": 0,
        "std": 0,
        "min": 0,
        "max": 0,
        "p95": 0,
        "count": 0
      }
    },
    "nested": {
      "client": {
        "avg": 35.18411119999992,
        "median": 36.80299650000052,
        "std": 5.039922470532794,
        "min": 22.17261199999848,
        "max": 42.01162199999999,
        "p95": 41.63108199999988,
        "count": 30
      },
      "server": {
        "avg": 0,
        "median": 0,
        "std": 0,
        "min": 0,
        "max": 0,
        "p95": 0,
        "count": 0
      }
    }
  }
}