{
  "save": {
    "relational": 1336.166358
  },
  "get": {
    "relational": 61.7847240000001
  },
  "counts": {
    "relational": {
      "directories": 23,
      "files": 97,
      "classes": 298,
      "functions": 967
    }
  },
  "queryBenchmark": {
    "join": {
      "avg": 29.863745400000017,
      "min": 28.12729300000001,
      "max": 37.03343300000006,
      "count": 10
    },
    "nested": {
      "avg": 18.30228070000003,
      "min": 16.021360000000186,
      "max": 26.0516819999998,
      "count": 10
    }
  }
}