{
  "save": {
    "relational": 1423.297255
  },
  "get": {
    "relational": 77.34393499999987
  },
  "counts": {
    "relational": {
      "directories": 23,
      "files": 97,
      "classes": 298,
      "functions": 967
    }
  },
  "queryBenchmark": {
    "join": {
      "avg": 31.79805590000001,
      "min": 28.349890999999843,
      "max": 42.77206400000023,
      "count": 10
    },
    "nested": {
      "avg": 17.87682009999994,
      "min": 16.330766999999923,
      "max": 20.248283999999785,
      "count": 10
    }
  }
}